Source,word,n
Human,player,274
Human,unfair,66
Human,distribution,57
Human,amount,56
Human,money,55
Human,little,49
Human,agree,47
Human,get,43
Human,one,43
Human,can,40
Human,allocation,37
Human,fair,36
Human,much,35
Human,think,29
Human,allocated,25
Human,refuse,25
Human,two,25
Human,proposal,24
Human,players,23
Human,yuan,23
Human,relatively,22
Human,gave,20
Human,small,17
Human,want,17
Human,gives,16
Human,give,14
Human,less,14
Human,plan,14
Human,gets,13
Human,given,13
Human,allocates,12
Human,feel,12
Human,reasonable,12
Human,reject,12
Human,three,12
Human,unreasonable,11
Human,also,10
Human,difference,10
Human,income,10
Human,rejected,10
Human,selfish,10
Human,acceptable,9
Human,bit,9
Human,dollar,9
Human,still,9
Human,take,9
Human,reward,8
Human,accept,7
Human,choose,7
Human,everyone,7
Human,first,7
Human,low,7
Human,people,7
Human,although,6
Human,chose,6
Human,different,6
Human,felt,6
Human,giving,6
Human,greedy,6
Human,interests,6
Human,just,6
Human,line,6
Human,reason,6
Human,see,6
Human,benefit,5
Human,big,5
Human,bottom,5
Human,choice,5
Human,disagree,5
Human,expectations,5
Human,fairer,5
Human,fairly,5
Human,gap,5
Human,large,5
Human,least,5
Human,lose,5
Human,price,5
Human,rewards,5
Human,smaller,5
Human,way,5
Human,agreed,4
Human,benefits,4
Human,certain,4
Human,decision,4
Human,distributed,4
Human,equal,4
Human,even,4
Human,exceeds,4
Human,fairness,4
Human,keep,4
Human,make,4
Human,person,4
Human,principle,4
Human,profit,4
Human,right,4
Human,slightly,4
Human,takes,4
Human,uneven,4
Human,always,3
Human,amounts,3
Human,angry,3
Human,appropriate,3
Human,average,3
Human,behavior,3
Human,better,3
Human,chooses,3
Human,close,3
Human,completely,3
Human,consider,3
Human,consideration,3
Human,considering,3
Human,enough,3
Human,extremely,3
Human,game,3
Human,got,3
Human,later,3
Human,like,3
Human,long,3
Human,losses,3
Human,lower,3
Human,makes,3
Human,matter,3
Human,need,3
Human,nothing,3
Human,others,3
Human,paid,3
Human,particularly,3
Human,penny,3
Human,possible,3
Human,previous,3
Human,quite,3
Human,ratio,3
Human,really,3
Human,refused,3
Human,round,3
Human,second,3
Human,since,3
Human,something,3
Human,stand,3
Human,stingy,3
Human,thought,3
Human,took,3
Human,us,3
Human,well,3
Human,whether,3
Human,within,3
Human,without,3
Human,able,2
Human,affect,2
Human,allocate,2
Human,allocations,2
Human,almost,2
Human,among,2
Human,beginning,2
Human,beneficial,2
Human,bonus,2
Human,cent,2
Human,clicked,2
Human,decided,2
Human,distribute,2
Human,distributes,2
Human,division,2
Human,earn,2
Human,equally,2
Human,exceed,2
Human,excessive,2
Human,extreme,2
Human,far,2
Human,find,2
Human,found,2
Human,gains,2
Human,generous,2
Human,however,2
Human,human,2
Human,impact,2
Human,inclination,2
Human,left,2
Human,let,2
Human,made,2
Human,may,2
Human,might,2
Human,mind,2
Human,mission,2
Human,moment,2
Human,must,2
Human,nature,2
Human,never,2
Human,number,2
Human,numbers,2
Human,offer,2
Human,ones,2
Human,option,2
Human,payoff,2
Human,point,2
Human,points,2
Human,proposals,2
Human,proposed,2
Human,punish,2
Human,punished,2
Human,range,2
Human,rather,2
Human,refusal,2
Human,rejecting,2
Human,rejection,2
Human,respect,2
Human,selfishness,2
Human,seriously,2
Human,split,2
Human,standards,2
Human,system,2
Human,third,2
Human,times,2
Human,together,2
Human,totally,2
Human,try,2
Human,unbalanced,2
Human,unethical,2
Human,unless,2
Human,violates,2
Human,wanted,2
Human,wants,2
Human,win,2
Human,wrong,2
Human,absolutely,1
Human,accepting,1
Human,accidentally,1
Human,accidents,1
Human,account,1
Human,achieve,1
Human,advantage,1
Human,advantageous,1
Human,affects,1
Human,agrees,1
Human,already,1
Human,anger,1
Human,answered,1
Human,anything,1
Human,asks,1
Human,back,1
Human,balance,1
Human,base,1
Human,based,1
Human,bear,1
Human,bearable,1
Human,becoming,1
Human,biased,1
Human,boundary,1
Human,calm,1
Human,care,1
Human,case,1
Human,cases,1
Human,centered,1
Human,character,1
Human,check,1
Human,choosing,1
Human,closely,1
Human,coins,1
Human,comparing,1
Human,comparison,1
Human,compromise,1
Human,conflict,1
Human,consistent,1
Human,contributions,1
Human,copy,1
Human,correction,1
Human,cost,1
Human,decide,1
Human,decreased,1
Human,deducted,1
Human,degree,1
Human,desires,1
Human,desperation,1
Human,despise,1
Human,destabilize,1
Human,differences,1
Human,disparate,1
Human,dissatisfaction,1
Human,dissatisfied,1
Human,distributions,1
Human,due,1
Human,earned,1
Human,ease,1
Human,effective,1
Human,effort,1
Human,either,1
Human,else,1
Human,end,1
Human,ensure,1
Human,ensures,1
Human,evenly,1
Human,example,1
Human,exceeded,1
Human,exceeding,1
Human,exceptions,1
Human,expected,1
Human,extent,1
Human,fairest,1
Human,favoritism,1
Human,feelings,1
Human,feels,1
Human,fight,1
Human,fit,1
Human,fruits,1
Human,fun,1
Human,gain,1
Human,gained,1
Human,go,1
Human,gold,1
Human,gone,1
Human,great,1
Human,greater,1
Human,guarantee,1
Human,guarantees,1
Human,guilt,1
Human,hand,1
Human,hands,1
Human,harmed,1
Human,higher,1
Human,hope,1
Human,hurt,1
Human,ideas,1
Human,impatient,1
Human,important,1
Human,imposed,1
Human,inappropriate,1
Human,increase,1
Human,increasingly,1
Human,influence,1
Human,infuriating,1
Human,keeping,1
Human,keeps,1
Human,kind,1
Human,labor,1
Human,larger,1
Human,largest,1
Human,limit,1
Human,look,1
Human,lot,1
Human,main,1
Human,making,1
Human,manageable,1
Human,many,1
Human,maximize,1
Human,maximum,1
Human,mean,1
Human,means,1
Human,measures,1
Human,method,1
Human,minimal,1
Human,minimum,1
Human,morally,1
Human,moreover,1
Human,natural,1
Human,necessary,1
Human,neither,1
Human,none,1
Human,numb,1
Human,object,1
Human,obtained,1
Human,obviously,1
Human,occasional,1
Human,often,1
Human,okay,1
Human,oneself,1
Human,oppose,1
Human,otherwise,1
Human,partially,1
Human,paying,1
Human,perspective,1
Human,place,1
Human,poor,1
Human,position,1
Human,priority,1
Human,prize,1
Human,problem,1
Human,profits,1
Human,propose,1
Human,protect,1
Human,provided,1
Human,psychologically,1
Human,punishing,1
Human,punishment,1
Human,put,1
Human,questions,1
Human,received,1
Human,receives,1
Human,reduce,1
Human,refuses,1
Human,refusing,1
Human,regardless,1
Human,rejects,1
Human,relative,1
Human,remind,1
Human,request,1
Human,result,1
Human,results,1
Human,revenge,1
Human,rewarded,1
Human,ruthless,1
Human,sacrificed,1
Human,said,1
Human,salary,1
Human,satisfied,1
Human,satisfies,1
Human,secondly,1
Human,seems,1
Human,self,1
Human,selfless,1
Human,several,1
Human,share,1
Human,shows,1
Human,single,1
Human,situation,1
Human,someone,1
Human,sometimes,1
Human,somewhat,1
Human,speaking,1
Human,spend,1
Human,splitting,1
Human,standard,1
Human,starting,1
Human,statement,1
Human,stopped,1
Human,succeed,1
Human,suffer,1
Human,suffered,1
Human,task,1
Human,tasks,1
Human,tends,1
Human,thing,1
Human,thinking,1
Human,thinks,1
Human,though,1
Human,thus,1
Human,tied,1
Human,time,1
Human,tolerance,1
Human,tolerate,1
Human,towards,1
Human,ugly,1
Human,unable,1
Human,unacceptable,1
Human,unbearable,1
Human,understandable,1
Human,undue,1
Human,unequal,1
Human,unfairness,1
Human,unhappy,1
Human,unwilling,1
Human,value,1
Human,willing,1
Human,withholding,1
